customer_id,age,gender,income,employment_type,education,total_debt,balance,credit_limit,late_payments,monthly_balance,default
1,38.0,Male,30250.0,Salaried,PhD,25531,8894,10217,2,2541,1
2,18.0,Female,18709.0,Salaried,Bachelor,14517,10346,15245,3,2692,1
3,34.0,Male,4563.0,Salaried,Master,39234,10962,17609,2,2957,0
4,56.0,Female,48782.0,Salaried,Bachelor,12253,21960,12636,3,2398,0
5,38.0,Male,47630.0,Self employed,Master,3108,-496,18226,0,4165,0
6,24.0,Male,32569.0,Unemployed,High School,15287,13416,16838,1,1395,0
7,24.0,Male,16524.0,Self employed,Master,245,9425,9010,1,1827,0
8,28.0,Male,14239.0,Salaried,High School,27510,12833,18112,5,3181,0
9,31.0,Female,18144.0,Salaried,Master,-650,6713,20181,5,2448,1
10,19.0,Male,6008.0,Unemployed,PhD,20284,9755,16028,3,1336,0
11,41.0,Female,9122.0,Salaried,High School,-778,13557,21915,3,3797,1
12,43.0,Male,8862.0,Salaried,High School,16797,25564,7695,2,2141,0
13,34.0,Male,20435.0,Salaried,Master,36433,14040,17807,2,1732,1
14,58.0,Male,15882.0,Self employed,High School,23606,5759,7978,2,2738,0
15,33.0,Female,6830.0,Self employed,Master,11365,7881,8315,0,1660,1
16,50.0,Male,4381.0,Salaried,High School,19687,7732,11214,2,2948,0
17,24.0,Female,17135.0,Salaried,High School,20180,1021,9347,1,2460,0
18,40.0,Female,6347.0,Unemployed,PhD,24726,8349,11712,2,2231,0
19,42.0,Female,,Salaried,Bachelor,6331,13664,13715,2,2240,1
20,30.0,Female,57961.0,Self employed,Master,25925,3628,20022,4,4493,0
21,39.0,Female,67290.0,Self employed,Bachelor,-7043,15242,13073,4,3553,0
22,30.0,Female,9756.0,Self employed,Bachelor,13701,12438,5486,2,436,0
23,34.0,Female,3727.0,Salaried,Bachelor,15117,6328,21840,2,4324,0
24,35.0,Female,31182.0,Salaried,Bachelor,26333,9292,9977,4,3774,1
25,23.0,Female,16903.0,Salaried,Bachelor,20226,17991,14647,2,3686,0
26,-43.0,Male,22902.0,Self-Employed,Bachelor,5944,13667,17679,4,4331,0
27,43.0,Male,8566.0,Unemployed,Bachelor,10150,10043,16197,0,3022,1
28,34.0,Male,6458.0,Salaried,High School,21986,8811,21565,0,3930,0
29,40.0,Male,11298.0,Salaried,Master,19209,10383,17874,2,2303,1
30,28.0,Male,15093.0,Unemployed,High School,14208,7441,9832,2,4271,0
31,25.0,Female,8006.0,Self employed,Bachelor,15191,-523,28071,3,3327,0
32,34.0,Female,33112.0,Self-Employed,High School,26961,20210,16166,3,934,0
33,44.0,Female,3959.0,Salaried,Bachelor,14823,10776,14115,4,4554,0
34,37.0,Female,17791.0,Salaried,Master,19119,11990,20783,1,2806,0
35,33.0,Female,14594.0,Self employed,High School,41699,9710,16496,2,2597,0
36,41.0,Female,31356.0,Self employed,High School,5763,6324,17395,1,2335,0
37,28.0,Female,6826.0,Salaried,High School,1481,9070,29953,1,2445,0
38,25.0,Male,21896.0,Salaried,Bachelor,27835,2003,13349,5,3344,1
39,34.0,Male,18656.0,Salaried,Master,13213,21385,13093,1,1518,0
40,29.0,Male,15849.0,Salaried,High School,16817,3827,15699,3,647,0
41,26.0,Male,7182.0,Salaried,Master,12188,4840,21429,1,1403,1
42,47.0,Female,7776.0,Unemployed,Bachelor,17401,7798,5960,0,3572,0
43,60.0,Female,10857.0,Salaried,Bachelor,35985,16440,3206,1,2757,0
44,22.0,Female,9396.0,Self-Employed,PhD,28021,10072,11477,0,4669,1
45,33.0,Male,32275.0,Salaried,Bachelor,28622,3819,5196,1,2902,1
46,39.0,Female,14689.0,Self employed,Bachelor,5837,16271,12451,3,4263,0
47,20.0,Female,23302.0,Unemployed,High School,8488,13655,18014,2,1960,0
48,35.0,Female,4837.0,Salaried,High School,-8390,12692,9655,1,2347,0
49,36.0,Male,3679.0,Salaried,High School,11906,13578,6439,3,3014,0
50,42.0,Female,11796.0,Salaried,High School,29567,21971,15416,3,2779,0
51,30.0,Male,5460.0,Salaried,Bachelor,25169,20925,20175,0,2639,0
52,32.0,Male,13737.0,Self employed,Bachelor,17784,6566,4830,2,1691,0
53,47.0,Male,7404.0,Unemployed,Bachelor,19776,18119,19921,1,621,0
54,42.0,Male,16553.0,Salaried,High School,13111,11915,19903,2,3946,0
55,45.0,Female,7723.0,Salaried,High School,22047,12495,20724,0,3778,0
56,20.0,Male,19786.0,Salaried,Bachelor,27658,1538,22310,3,2079,0
57,31.0,Male,7210.0,Self employed,PhD,3841,9148,28212,2,3568,0
58,53.0,Female,3622.0,Salaried,High School,22996,5935,12863,4,2750,0
59,37.0,Female,24267.0,Salaried,Master,29324,14140,15657,1,4659,0
60,36.0,Male,7800.0,Self employed,Bachelor,15848,15355,12501,4,1031,0
61,37.0,Female,34917.0,Self employed,Bachelor,27007,-372,15011,1,2809,0
62,53.0,Male,8526.0,Salaried,Bachelor,48146,9889,24197,1,2690,0
63,30.0,Male,7511.0,Self employed,High School,18956,15609,6929,0,3241,0
64,44.0,Male,10950.0,Salaried,High School,23933,9066,9833,4,5305,0
65,40.0,Male,9024.0,Salaried,Bachelor,12619,13645,23263,4,2814,0
66,24.0,Female,14593.0,Self-Employed,Bachelor,21812,11755,21120,2,4114,0
67,35.0,Male,17708.0,Self employed,PhD,24602,11708,12821,2,2778,0
68,29.0,Female,19692.0,Salaried,Bachelor,21948,8643,20126,2,4606,0
69,25.0,Female,12581.0,Salaried,High School,9803,3917,17047,2,4129,0
70,49.0,Female,4672.0,Salaried,Master,22063,4392,24001,4,2500,0
71,,Female,44640.0,Salaried,High School,34621,13546,15447,0,2392,1
72,45.0,Male,10316.0,Salaried,Bachelor,24486,10097,21153,4,3730,0
73,29.0,Female,9946.0,Salaried,Bachelor,29619,9307,30852,1,2016,0
74,51.0,Male,12553.0,Salaried,PhD,17629,7880,18588,1,3285,1
75,33.0,Female,11126.0,Self employed,Master,27499,8474,15295,2,2466,1
76,41.0,Female,3927.0,Self employed,Bachelor,22792,15234,19334,3,3552,0
77,,Male,19979.0,Self employed,Bachelor,10490,8323,12808,2,2758,0
78,18.0,Male,7522.0,Salaried,PhD,23185,3294,29327,7,1961,0
79,21.0,Male,10650.0,Unemployed,High School,10083,13718,16080,5,4657,0
80,19.0,Female,45777.0,Self-Employed,High School,13671,8975,13362,2,3359,0
81,40.0,Female,25877.0,Self-Employed,High School,21893,10156,9985,3,2919,0
82,37.0,Male,41296.0,Self-Employed,High School,22972,18037,21583,2,3629,0
83,43.0,Male,-8317.0,Unemployed,Bachelor,8107,9897,20203,2,493,0
84,31.0,Male,22270.0,Salaried,Bachelor,30539,11445,12015,2,6135,0
85,18.0,Male,17717.0,Salaried,Bachelor,25720,4105,18458,2,3037,1
86,51.0,Female,12858.0,Self employed,High School,12952,8901,5948,2,55,0
87,47.0,Male,7899.0,Self employed,Master,4624,13047,16109,1,4795,0
88,41.0,Male,28544.0,Self employed,Bachelor,18550,2223,17716,0,1872,0
89,49.0,Male,9321.0,Salaried,Bachelor,15540,11004,25243,5,4565,0
90,36.0,Male,14696.0,Salaried,Bachelor,21131,10503,10375,5,3182,0
91,40.0,Female,25315.0,Salaried,Bachelor,16368,10206,7329,1,644,1
92,30.0,Male,6743.0,Unemployed,High School,-74,15185,9627,2,3391,1
93,27.0,Female,6235.0,Salaried,High School,16116,11672,6980,0,3281,0
94,22.0,Male,77751.0,Salaried,Master,16943,17390,23019,1,4727,0
95,30.0,Male,7317.0,Salaried,PhD,26336,5032,24291,2,3783,0
96,64.0,Female,41428.0,Salaried,Bachelor,13018,10679,16921,0,1140,0
97,,Male,12873.0,Self-Employed,High School,36786,10422,22327,2,4503,0
98,28.0,Female,9915.0,Self employed,Bachelor,883,4653,15803,4,2378,0
99,39.0,Female,10629.0,Self-Employed,Master,33111,14781,14429,3,5580,0
100,61.0,Male,12790.0,Salaried,Master,17756,21623,13001,3,2467,0
101,27.0,Female,34082.0,Self employed,High School,28595,9914,13137,5,2683,0
102,,Female,22680.0,Salaried,High School,20798,12525,5713,3,1767,1
103,44.0,Female,11520.0,Self employed,Master,31395,10422,16585,6,2252,0
104,44.0,Female,3618.0,Salaried,Bachelor,16126,6432,14757,1,1855,0
105,31.0,Female,13553.0,Salaried,High School,9013,896,19472,4,4764,0
106,29.0,Female,14661.0,Self employed,High School,34205,6471,15561,0,1002,0
107,42.0,Female,32239.0,,Bachelor,18865,3040,14023,2,4206,0
108,34.0,Female,,Salaried,Master,22215,18520,9772,4,4242,0
109,40.0,Male,9457.0,Self-Employed,PhD,32347,9424,15432,2,5066,1
110,36.0,Male,9250.0,Salaried,Bachelor,9680,8270,19429,3,3065,0
111,41.0,Female,12847.0,Salaried,Bachelor,25954,14445,8139,0,1459,0
112,42.0,Male,14238.0,Salaried,High School,14101,4391,15524,0,2742,0
113,18.0,Female,18158.0,Salaried,Bachelor,18678,6165,16398,2,3892,1
114,33.0,Female,3546.0,Salaried,Bachelor,20722,10340,10691,5,3127,1
115,41.0,Male,15079.0,Salaried,Bachelor,4997,15143,11472,1,3550,0
116,46.0,Female,15866.0,Salaried,Bachelor,12211,12508,16383,1,5047,0
117,34.0,Female,14081.0,Unemployed,High School,33510,11241,8199,2,3873,0
118,19.0,Female,11797.0,,High School,28861,10390,17099,2,3297,0
119,50.0,Female,1219.0,Self-Employed,Bachelor,19373,12001,9627,1,233,0
120,-46.0,Male,19884.0,Salaried,High School,22431,11008,21377,0,1824,0
121,39.0,Female,6759.0,Self employed,High School,17057,4850,29026,3,2392,0
122,33.0,Female,20529.0,Salaried,PhD,33565,10230,9835,1,34,0
123,44.0,Female,32051.0,Salaried,Bachelor,17996,4631,18205,1,1336,0
124,33.0,Male,4132.0,Salaried,Bachelor,22318,10405,10639,1,2597,1
125,46.0,Female,20096.0,Salaried,Master,31460,7596,21245,2,2841,0
126,55.0,Male,5625.0,Salaried,PhD,12226,22696,7408,2,3758,0
127,33.0,Male,12969.0,Self employed,Bachelor,35587,9800,17883,2,2692,0
128,45.0,Female,12232.0,Self-Employed,Master,4695,2978,9762,0,3372,0
129,31.0,Female,22685.0,Self-Employed,Bachelor,36296,9329,13758,3,2373,0
130,48.0,Male,20446.0,Self employed,Bachelor,16273,12596,8813,4,3063,0
131,35.0,Female,16050.0,Salaried,Bachelor,17573,18366,19934,1,3676,0
132,52.0,Male,4228.0,Salaried,Bachelor,1099,7052,9978,5,5208,0
133,35.0,Male,2297.0,Salaried,Bachelor,15452,2087,18311,2,2228,0
134,29.0,Female,25300.0,Salaried,Bachelor,9601,14084,12935,1,3216,0
135,34.0,Female,22528.0,Salaried,High School,13923,3097,14313,3,4303,1
136,35.0,Male,-6645.0,Salaried,Bachelor,18626,7819,15886,2,840,0
137,40.0,Male,17036.0,,High School,29577,8711,10429,1,5996,0
138,34.0,Male,11539.0,Salaried,Bachelor,22076,9651,16262,2,4768,0
139,40.0,Male,28582.0,Self-Employed,Bachelor,23076,13445,24182,1,432,1
140,40.0,Female,14164.0,Self-Employed,Master,9044,6581,10331,4,3557,0
141,33.0,Female,25091.0,Salaried,Master,11192,8631,22030,3,2153,0
142,41.0,Female,,Unemployed,Master,37987,9928,23988,3,2403,1
143,32.0,Female,16309.0,Unemployed,Bachelor,12647,10747,10103,5,3525,0
144,57.0,Female,10007.0,Salaried,Master,36562,10489,6269,1,4575,0
145,40.0,Male,8665.0,Salaried,Bachelor,17569,12180,16811,3,2301,0
146,44.0,Female,2615.0,Salaried,High School,20022,14219,11715,3,2321,1
147,-36.0,Female,25500.0,Unemployed,High School,30703,11963,26211,5,3558,0
148,30.0,Female,45468.0,Self-Employed,High School,32718,12267,15208,2,3857,0
149,46.0,Female,5056.0,Salaried,Bachelor,18891,2088,10186,0,1489,0
150,41.0,Female,21709.0,Salaried,Bachelor,16117,10251,8117,2,5585,0
151,18.0,Male,21085.0,Salaried,Master,19440,12397,21539,4,2035,0
152,57.0,Male,9318.0,Salaried,High School,23379,13644,11572,1,4447,0
153,45.0,Male,7972.0,Salaried,High School,28913,6538,15262,4,3677,0
154,34.0,Female,30526.0,Self-Employed,PhD,20042,6704,20734,2,3909,0
155,44.0,Male,28355.0,Self employed,High School,26188,7129,12094,1,2064,0
156,42.0,Male,18325.0,Self-Employed,Bachelor,36383,12682,14724,2,414,1
157,42.0,Female,9283.0,Self-Employed,Bachelor,23813,15169,14900,2,2967,0
158,29.0,Female,28641.0,Self employed,Bachelor,23116,7962,19099,2,2974,1
159,,Female,7438.0,Salaried,High School,4810,14539,18544,3,1562,0
160,41.0,Male,36114.0,Self employed,High School,-6307,10617,13679,4,4376,0
161,50.0,Male,41879.0,Salaried,High School,23883,9378,15381,2,2922,0
162,39.0,Female,,Self employed,Bachelor,19051,8943,12769,0,1786,0
163,42.0,Female,16982.0,Salaried,Bachelor,14852,13733,6134,2,3877,1
164,28.0,Male,2245.0,Self employed,High School,22435,11627,16545,2,3917,1
165,38.0,Male,11738.0,Salaried,Bachelor,19395,21379,26353,1,1925,0
166,46.0,Female,45954.0,Salaried,Master,31277,5738,9697,1,4850,0
167,31.0,Female,25743.0,Salaried,High School,20861,12590,10361,1,6364,0
168,34.0,Male,18119.0,Salaried,Bachelor,12530,7353,9775,1,1364,0
169,28.0,Female,8295.0,Self employed,Bachelor,29901,5653,19347,2,2724,0
170,24.0,Male,27366.0,Self employed,High School,17828,9945,17690,1,3505,0
171,29.0,Male,4442.0,,Bachelor,25265,10686,14048,2,6420,0
172,43.0,Male,11853.0,Salaried,Bachelor,15225,24590,9491,4,1899,0
173,35.0,Male,45157.0,Salaried,Master,13501,9079,15554,4,1590,1
174,29.0,Female,7607.0,,Master,20841,4349,5612,2,1580,1
175,59.0,Female,20464.0,Salaried,Bachelor,20128,11365,15860,2,4832,0
176,30.0,Male,3905.0,Self-Employed,Master,24798,-373,20229,2,1938,1
177,44.0,Male,8462.0,Salaried,Bachelor,17313,9540,7492,0,1724,0
178,41.0,Male,15148.0,Salaried,Bachelor,1636,10080,5804,1,3346,0
179,40.0,Male,17111.0,Salaried,Bachelor,15672,13973,24476,0,3462,0
180,19.0,Male,56795.0,Salaried,High School,27938,14868,11329,1,4606,0
181,50.0,Female,9387.0,Salaried,Master,17026,7482,21815,1,3137,0
182,41.0,Female,20253.0,Self employed,Bachelor,17536,9246,14076,3,3373,1
183,47.0,Female,19860.0,Salaried,Bachelor,29863,6169,14028,2,2842,1
184,49.0,Female,8846.0,Salaried,PhD,12880,4359,17630,2,1043,0
185,55.0,Male,26086.0,Salaried,High School,4571,11549,9696,3,2700,0
186,28.0,Male,21326.0,Salaried,Bachelor,18393,3632,15794,1,3094,0
187,30.0,Male,11032.0,Salaried,High School,15158,7926,12711,6,2334,0
188,-32.0,Male,15310.0,Unemployed,Master,10337,5024,7077,2,653,0
189,29.0,Male,6824.0,Self employed,Master,18246,12748,17024,4,1297,0
190,51.0,Female,7187.0,Salaried,Bachelor,24915,19007,13420,2,2940,0
191,27.0,Male,13159.0,Salaried,Bachelor,19907,3492,14057,0,4399,0
192,34.0,Female,22544.0,,Bachelor,23069,734,7739,3,5523,0
193,21.0,Female,10578.0,Salaried,Master,38134,9375,24548,1,2724,0
194,45.0,Female,8677.0,Self employed,Bachelor,16571,10078,20260,1,1924,0
195,36.0,Female,11367.0,Self employed,Bachelor,22783,11093,20784,2,2441,0
196,46.0,Male,,Salaried,PhD,14907,7768,13167,1,1430,0
197,45.0,Female,5185.0,Salaried,High School,11536,8996,4624,3,4181,0
198,21.0,Female,24414.0,Salaried,High School,14150,11837,26717,2,6206,0
199,39.0,Female,19117.0,Self-Employed,Bachelor,15212,15202,14633,4,1961,1
200,27.0,Male,5168.0,Self employed,PhD,23594,224,10507,0,1211,0
201,39.0,Male,11331.0,Salaried,Bachelor,43490,8155,17500,2,4509,0
202,32.0,Male,20852.0,Salaried,High School,12839,11069,22002,2,3477,0
203,56.0,Female,3507.0,,Bachelor,15833,5410,14861,2,3502,0
204,64.0,Female,6472.0,Salaried,Bachelor,19368,18655,22671,3,5382,0
205,35.0,Male,4600.0,Salaried,High School,23957,6822,21497,3,950,0
206,38.0,Female,8914.0,Salaried,Bachelor,22635,9793,8541,0,908,1
207,18.0,Male,,Self employed,PhD,32840,12780,10957,2,2757,0
208,21.0,Male,23360.0,Salaried,Bachelor,-4263,7043,20745,2,3095,0
209,41.0,Female,9378.0,Salaried,Bachelor,-3869,767,-1275,3,2467,0
210,,Female,27453.0,Self-Employed,Bachelor,15041,7856,14103,3,6691,0
211,42.0,Female,21255.0,Salaried,High School,30973,15147,6415,1,2534,0
212,30.0,Female,32617.0,Salaried,Master,4343,8315,12140,1,2173,0
213,41.0,Male,12556.0,Salaried,Bachelor,-10076,5767,13207,2,3186,1
214,,Male,19484.0,Salaried,Bachelor,25711,14628,12850,1,4456,0
215,31.0,Male,141531.0,Self-Employed,Bachelor,22436,8346,11686,2,1911,1
216,42.0,Male,10756.0,Salaried,Bachelor,9097,7449,8417,5,2779,0
217,54.0,Male,12765.0,Salaried,Bachelor,10144,10747,28751,4,4498,0
218,36.0,Female,11953.0,Salaried,High School,10302,13853,26204,3,4582,0
219,43.0,Male,12539.0,Self employed,Master,21105,21908,8027,4,3326,0
220,31.0,Male,19745.0,Self employed,PhD,13736,14136,24492,0,6627,1
221,42.0,Male,13914.0,Salaried,Bachelor,24940,15799,12603,0,5970,0
222,33.0,Female,5138.0,,PhD,-8546,7470,15775,0,890,0
223,57.0,Female,13529.0,Self employed,High School,11431,4870,14620,1,462,1
224,34.0,Female,9242.0,Salaried,Bachelor,8739,10311,11041,2,4193,1
225,36.0,Female,3983.0,Self-Employed,Bachelor,17436,10535,20903,1,5048,0
226,45.0,Male,29777.0,Self-Employed,Bachelor,14619,4607,15755,1,2662,1
227,43.0,Male,9206.0,Self-Employed,Bachelor,27978,9123,12140,0,2246,0
228,34.0,Female,17472.0,Salaried,Bachelor,1406,11996,7172,3,1769,1
229,42.0,Female,1468.0,Salaried,High School,20454,11801,9638,3,1247,0
230,27.0,Male,18944.0,Self-Employed,Bachelor,25583,12521,5151,2,4704,1
231,40.0,Male,10727.0,Salaried,High School,38566,11454,15073,2,2428,0
232,43.0,Female,4498.0,Salaried,Master,15182,7464,7820,1,3452,0
233,33.0,Female,9078.0,Self-Employed,High School,23244,7430,13406,0,261,0
234,34.0,Female,8263.0,Self-Employed,High School,1961,4005,23220,1,4503,0
235,31.0,Female,22594.0,Salaried,Bachelor,-3919,18923,22195,0,3881,0
236,23.0,Male,14232.0,Salaried,Bachelor,28447,10067,14806,4,982,0
237,42.0,Male,4602.0,Salaried,Master,19944,8875,14477,2,3388,1
238,,Male,18159.0,Self-Employed,Bachelor,31785,5356,26279,1,3007,0
239,43.0,Female,3135.0,Unemployed,Bachelor,6265,24678,18124,5,2324,0
240,36.0,Female,6078.0,Salaried,Master,25199,4633,13033,1,-1354,0
241,44.0,Male,13497.0,Salaried,Bachelor,38688,7855,6443,2,2009,1
242,20.0,Male,8629.0,Self-Employed,High School,24197,12079,17363,3,3453,0
243,26.0,Male,30767.0,Salaried,Bachelor,22765,13001,19975,1,2177,0
244,29.0,Male,15040.0,Salaried,PhD,20085,14789,11210,1,2667,1
245,,Female,20705.0,Unemployed,Bachelor,4291,19038,16747,2,5245,0
246,42.0,Male,21305.0,Salaried,High School,33555,12530,12818,1,2883,0
247,35.0,Male,9796.0,Self employed,High School,13891,4719,13895,1,-145,0
248,,Male,6337.0,Salaried,High School,25044,8715,73,2,2722,1
249,43.0,Male,-12900.0,Salaried,Bachelor,4369,11539,13669,0,3149,0
250,32.0,Male,24515.0,Self-Employed,Bachelor,8205,20341,20816,3,1761,0
251,45.0,Male,11351.0,Salaried,High School,34350,3010,11211,1,4102,1
252,35.0,Male,20204.0,,PhD,16526,16012,15315,1,806,0
253,50.0,Female,13107.0,Salaried,Master,34532,10899,10464,1,2793,0
254,28.0,Female,4504.0,Salaried,Bachelor,19217,14189,17162,3,789,1
255,36.0,Female,4780.0,Salaried,Master,1581,9490,13700,3,2556,0
256,28.0,Female,39884.0,Salaried,High School,28920,5787,9364,1,4062,0
257,54.0,Male,5900.0,Salaried,Bachelor,14101,13754,22995,2,2757,0
258,38.0,Female,8549.0,Salaried,Bachelor,26986,13272,20573,2,2669,1
259,27.0,Female,25395.0,Salaried,Master,20252,14860,11370,2,3041,0
260,,Male,5797.0,,Master,4568,9933,17986,1,3116,0
261,-43.0,Male,8279.0,Self employed,High School,21642,7000,18224,2,4040,1
262,19.0,Female,11520.0,Self employed,PhD,41962,2206,18853,2,4049,0
263,36.0,Female,10513.0,Self employed,High School,24929,14096,4834,0,5132,0
264,29.0,Male,6772.0,Salaried,Master,19424,12119,21039,3,3251,1
265,36.0,Female,11667.0,Salaried,PhD,30753,5171,11581,1,508,0
266,39.0,Male,21490.0,Self employed,High School,22106,7307,12853,4,4286,1
267,37.0,Male,12258.0,Salaried,Master,22095,7666,30827,3,5024,0
268,35.0,Male,-8425.0,Salaried,High School,9083,2585,16811,4,6692,0
269,39.0,Male,25906.0,Self-Employed,Bachelor,22338,5911,12682,3,5177,0
270,55.0,Female,44113.0,Self-Employed,Bachelor,30354,4330,1768,0,2264,0
271,50.0,Male,26071.0,Salaried,Bachelor,11639,7937,23338,2,3280,0
272,34.0,Male,6085.0,Salaried,PhD,34244,6306,6928,2,2594,0
273,45.0,Female,6199.0,Self-Employed,Bachelor,19082,1864,8979,1,2390,1
274,44.0,Male,18140.0,Salaried,Bachelor,11122,20112,13011,1,2829,0
275,34.0,Female,15059.0,Self-Employed,Master,29976,16262,23498,1,4928,0
276,37.0,Female,5668.0,Self-Employed,PhD,17132,6104,19639,4,616,0
277,43.0,Female,16325.0,Self-Employed,High School,27595,11362,14052,1,1496,0
278,30.0,Male,14317.0,Salaried,PhD,17082,12087,16849,2,4829,0
279,35.0,Female,37591.0,Salaried,High School,19401,15955,11397,0,5180,0
280,36.0,Female,9849.0,Self employed,Master,24935,5906,15837,1,2010,0
281,35.0,Male,,Self employed,High School,22908,15460,15440,4,5476,0
282,,Female,36362.0,Self employed,High School,44,7260,20812,0,4463,0
283,42.0,Female,8340.0,Salaried,Bachelor,8787,3320,20803,2,2598,0
284,38.0,Female,17116.0,Salaried,Bachelor,29294,13620,17963,0,-6520,0
285,44.0,Female,11521.0,Self-Employed,Bachelor,18678,16453,12825,3,497,1
286,63.0,Female,11195.0,Self employed,High School,14762,22939,19450,2,2012,0
287,,Male,15872.0,Unemployed,Bachelor,6414,4001,14448,2,4139,0
288,40.0,Female,7685.0,Self-Employed,PhD,9202,13494,8508,2,4144,0
289,43.0,Female,4373.0,Salaried,Bachelor,-217,7950,12580,1,2300,0
290,48.0,Male,9206.0,Self employed,High School,18987,13916,15507,2,2653,0
291,42.0,Male,30534.0,Self-Employed,Bachelor,14015,2647,20461,2,2951,1
292,27.0,Male,11587.0,Salaried,High School,10334,3686,13898,3,2671,0
293,31.0,Female,13144.0,Self employed,Master,19318,6120,7744,3,3245,0
294,39.0,Male,23268.0,Salaried,Master,23639,10394,15340,1,2954,0
295,,Female,4367.0,Salaried,Bachelor,40931,6794,15680,3,488,0
296,23.0,Female,18167.0,Self employed,Bachelor,4881,13295,16115,3,2688,1
297,29.0,Male,42997.0,Salaried,Master,31593,15134,20519,4,2966,0
298,29.0,Male,14243.0,Salaried,Bachelor,29731,12997,21113,0,4484,0
299,,Female,3476.0,Salaried,Master,12209,18093,11434,1,1753,0
300,63.0,Male,12664.0,Salaried,Bachelor,22032,12079,11303,0,3305,0
301,41.0,Female,,Salaried,Master,15423,3915,8758,1,3844,0
302,39.0,Male,14450.0,Salaried,Bachelor,21856,16816,19192,0,2777,1
303,47.0,Male,16166.0,Unemployed,Bachelor,35091,6974,23692,2,367,0
304,55.0,Male,17585.0,Salaried,PhD,26056,14552,13109,5,4515,0
305,41.0,Female,6956.0,Salaried,Bachelor,25086,17868,13551,0,4120,0
306,48.0,Male,7592.0,Salaried,Bachelor,15696,12283,23800,6,3343,0
307,32.0,Female,10313.0,Self employed,High School,5159,2519,18033,0,3060,0
308,28.0,Female,,,Bachelor,17915,5408,17617,4,327,0
309,47.0,Female,5811.0,Self-Employed,Bachelor,32066,16613,7854,2,4161,0
310,46.0,Female,56355.0,Self employed,High School,4728,9154,19072,3,5229,0
311,45.0,Male,2449.0,Self-Employed,High School,9449,10397,9425,1,1329,1
312,39.0,Female,4045.0,Salaried,Bachelor,21262,13794,8195,4,5017,0
313,30.0,Female,19684.0,Self employed,Master,10153,13481,12919,2,4697,0
314,33.0,Male,18532.0,Salaried,Bachelor,12074,11393,11485,1,1285,0
315,,Female,12699.0,Unemployed,High School,15764,8956,13670,0,2408,0
316,32.0,Male,,Self employed,Bachelor,6343,8436,6354,3,906,0
317,39.0,Female,19878.0,,High School,10258,14289,20752,4,2902,1
318,30.0,Male,13360.0,Salaried,Bachelor,27034,12767,21766,2,3672,0
319,36.0,Female,16119.0,Salaried,High School,6926,8713,3315,4,1019,0
320,27.0,Male,1482.0,Self employed,High School,4021,15410,20870,3,3578,0
321,37.0,Female,12170.0,Salaried,High School,13699,9354,10136,2,3958,0
322,,Female,12921.0,,Bachelor,27319,5741,20141,5,3980,0
323,20.0,Male,,Salaried,High School,18030,6205,14589,1,3681,1
324,44.0,Male,7495.0,Self employed,Bachelor,15354,5106,15172,2,1157,0
325,44.0,Male,13028.0,Self-Employed,Bachelor,20443,8637,13889,2,2817,0
326,38.0,Male,36190.0,Self-Employed,Bachelor,2542,16168,22272,1,3528,0
327,26.0,Female,19773.0,Self-Employed,Bachelor,24947,5974,7562,0,5191,0
328,26.0,Female,13597.0,Salaried,Master,23834,10942,18647,3,3003,0
329,61.0,Male,26202.0,Salaried,High School,15906,6716,21607,3,3638,1
330,18.0,Female,7670.0,Self employed,Bachelor,30059,8698,19298,3,1601,0
331,27.0,Male,,,High School,8725,2449,28948,2,1267,1
332,,Male,20946.0,Salaried,High School,31279,8897,11826,3,1075,1
333,62.0,Female,4280.0,Salaried,Bachelor,21544,9031,20743,3,2369,0
334,54.0,Female,8746.0,Salaried,Bachelor,16634,12701,14363,0,6093,0
335,43.0,Female,,Salaried,Master,19801,11116,22400,1,2396,0
336,31.0,Female,23319.0,Self-Employed,Bachelor,18927,4008,14953,4,3546,1
337,21.0,Female,19820.0,Salaried,PhD,32202,15420,12672,1,3835,0
338,42.0,Female,9679.0,Salaried,High School,9233,11051,22836,2,1362,0
339,30.0,Female,30953.0,Salaried,High School,12374,10991,12050,3,2347,0
340,52.0,Male,12600.0,Self employed,High School,30363,9954,6523,1,3936,0
341,19.0,Male,83815.0,Salaried,High School,14044,7411,11898,1,3642,0
342,40.0,Male,5769.0,Self-Employed,Bachelor,29005,11089,18714,4,9,0
343,47.0,Male,20935.0,Self-Employed,Bachelor,36994,12377,23352,5,3891,0
344,48.0,Male,10115.0,Salaried,High School,15982,1265,15666,1,2173,1
345,46.0,Female,8317.0,Unemployed,PhD,26813,7306,22909,1,2212,0
346,41.0,Male,-11835.0,Unemployed,Master,8463,8725,6850,5,3607,0
347,39.0,Male,17273.0,Self-Employed,High School,27547,11280,12340,0,5284,1
348,47.0,Male,13916.0,Self-Employed,High School,21994,15966,13268,2,2699,0
349,41.0,Male,21469.0,Salaried,High School,24730,6141,14312,1,4768,1
350,41.0,Male,20432.0,Salaried,High School,13544,7510,15504,2,838,0
351,38.0,Male,36901.0,Salaried,High School,3389,7437,19145,2,3196,0
352,34.0,Male,5762.0,Salaried,Bachelor,25032,5992,12331,1,2188,0
353,24.0,Female,4491.0,Unemployed,High School,-634,8264,15834,3,3423,0
354,26.0,Female,12740.0,Salaried,Bachelor,16826,13854,14729,3,2555,1
355,34.0,Male,7665.0,Self employed,PhD,29411,4730,9444,3,988,0
356,36.0,Female,24630.0,Self-Employed,Bachelor,21918,12139,14317,1,1668,0
357,28.0,Female,6326.0,Self-Employed,PhD,39483,1490,14138,0,535,0
358,27.0,Female,9093.0,Unemployed,High School,30251,7193,14009,2,1039,1
359,34.0,Female,10586.0,Salaried,Bachelor,13461,8352,15190,1,3720,0
360,47.0,Male,45975.0,Salaried,Bachelor,20273,18374,15454,4,2623,1
361,18.0,Female,58415.0,Salaried,High School,19526,8625,12406,4,3346,0
362,28.0,Female,6009.0,Salaried,High School,4178,-1006,22636,1,5723,0
363,39.0,Female,2872.0,Salaried,Bachelor,10596,5,7983,0,2556,0
364,50.0,Male,8939.0,Salaried,Bachelor,14392,10170,10674,2,3951,0
365,59.0,Male,13018.0,Self-Employed,Bachelor,-362,13068,31679,2,3042,0
366,34.0,Male,12977.0,Salaried,Bachelor,20474,11877,8772,4,7144,0
367,34.0,Male,12595.0,,Bachelor,17509,10837,6877,1,-1526,0
368,36.0,Male,23650.0,Self employed,High School,3271,15811,19406,1,1923,0
369,40.0,Male,,Salaried,Bachelor,24042,7302,2537,2,3981,0
370,37.0,Male,15511.0,Salaried,High School,27158,14474,13588,6,1870,0
371,39.0,Female,20978.0,Self-Employed,High School,22270,1839,27874,1,3849,0
372,24.0,Female,15577.0,Self employed,PhD,16759,5475,5730,0,2909,0
373,21.0,Female,21439.0,Self-Employed,Bachelor,25914,964,3108,1,4297,0
374,45.0,Male,4041.0,Salaried,Master,26802,8625,6004,1,1301,1
375,36.0,Male,14474.0,Self-Employed,Bachelor,23074,9768,20390,0,3259,1
376,46.0,Male,15691.0,Self employed,Bachelor,11753,10570,21748,1,3699,0
377,40.0,Male,11897.0,,High School,22766,10309,11924,1,3197,0
378,23.0,Male,8792.0,Self employed,High School,31954,5362,19099,4,3224,1
379,53.0,Female,18450.0,Self-Employed,High School,14033,9048,23341,6,4803,0
380,38.0,Female,14560.0,Salaried,Master,40979,2512,25724,1,480,0
381,30.0,Male,12876.0,Salaried,Bachelor,14743,16816,13521,1,3187,0
382,32.0,Male,10616.0,Unemployed,Bachelor,20324,8481,1191,1,1186,0
383,,Male,10911.0,Self-Employed,Bachelor,13275,7555,10074,2,4136,0
384,41.0,Male,7818.0,Salaried,PhD,22232,17944,12439,0,1743,1
385,36.0,Female,9576.0,Self employed,High School,2577,3788,13446,5,-708,0
386,58.0,Male,6922.0,Salaried,High School,14539,4372,13872,2,4172,0
387,43.0,Male,10188.0,Salaried,Bachelor,9078,4518,21713,2,2597,0
388,57.0,Male,17240.0,Salaried,Master,21353,9660,22646,1,3534,0
389,,Male,23713.0,Unemployed,PhD,29944,12158,13969,1,5140,0
390,34.0,Female,12889.0,Unemployed,High School,26460,13698,21590,1,3557,0
391,46.0,Male,12642.0,Salaried,Master,-3716,22859,17145,6,3254,0
392,43.0,Male,14776.0,Salaried,Master,40420,-1247,15387,2,2929,1
393,37.0,Female,26591.0,Salaried,High School,22952,13043,20439,1,1279,0
394,27.0,Female,11412.0,Unemployed,Bachelor,12235,7214,15433,0,2677,0
395,18.0,Female,18472.0,Unemployed,Bachelor,21571,7067,27346,4,5960,0
396,35.0,Male,17316.0,Self employed,PhD,21761,6901,6369,0,2437,0
397,36.0,Male,8634.0,Self-Employed,High School,13331,5456,11908,4,2765,0
398,39.0,Female,21909.0,Self employed,Master,21979,18422,14240,1,4885,1
399,23.0,Female,3132.0,Salaried,Bachelor,13925,14211,17636,3,688,1
400,29.0,Female,28091.0,Salaried,Master,15956,10115,22607,2,3930,0
401,41.0,Female,5791.0,Salaried,Bachelor,13137,16755,14853,2,616,0
402,43.0,Female,12120.0,,Bachelor,5673,2437,6466,3,3598,0
403,40.0,Female,23867.0,,Master,21458,3346,20055,1,2966,0
404,34.0,Male,9907.0,Salaried,Master,25852,-889,19529,1,3918,0
405,26.0,Male,15739.0,Unemployed,Master,25148,6502,3348,1,1481,1
406,47.0,Male,24139.0,Salaried,High School,28199,10808,14977,2,2197,0
407,45.0,Female,48715.0,Salaried,Bachelor,23243,10514,5459,1,3996,0
408,32.0,Female,13219.0,Self employed,High School,14672,10746,11012,1,2235,0
409,46.0,Female,15151.0,Self employed,Bachelor,28396,2944,9583,1,4133,0
410,37.0,Female,13743.0,Self employed,Bachelor,6424,14015,19855,3,3313,0
411,31.0,Female,11442.0,Salaried,Bachelor,10993,11198,15700,6,2331,0
412,47.0,Female,5208.0,Salaried,Bachelor,10357,13665,7286,2,2526,0
413,39.0,Male,6096.0,Self employed,PhD,30800,536,20280,0,3005,0
414,33.0,Male,13226.0,Salaried,High School,29427,11557,6397,0,2669,0
415,25.0,Female,16962.0,Salaried,Bachelor,24873,4061,16980,3,4095,0
416,26.0,Male,32305.0,Self employed,Bachelor,30719,8013,10115,3,2443,0
417,46.0,Female,11535.0,Salaried,High School,11207,12671,12805,4,2140,1
418,42.0,Male,38951.0,Self employed,High School,23485,10455,18025,2,4365,0
419,26.0,Female,5749.0,Self-Employed,PhD,18748,5742,18128,0,2366,0
420,26.0,Female,15476.0,Salaried,Master,28468,10031,23021,2,2189,0
421,59.0,Male,11080.0,Salaried,PhD,18847,2342,14506,3,-728,0
422,42.0,Male,5330.0,Self-Employed,PhD,16150,15751,16838,2,1440,0
423,50.0,Female,4084.0,Self employed,High School,25409,8973,12373,1,1742,0
424,52.0,Female,9854.0,Self employed,Bachelor,28761,15592,16091,2,2189,0
425,28.0,Male,10385.0,Self-Employed,Bachelor,13316,7367,17636,2,1916,0
426,55.0,Male,7174.0,Self-Employed,Bachelor,19389,7382,14410,1,4474,0
427,27.0,Female,22768.0,Unemployed,Bachelor,9415,6179,4177,1,1837,0
428,45.0,Male,10056.0,Salaried,Bachelor,-4980,14380,16988,4,1949,1
429,36.0,Female,6696.0,Salaried,Bachelor,22004,6452,17187,2,3233,0
430,45.0,Female,11325.0,Salaried,Bachelor,26089,13222,10918,4,13470,0
431,35.0,Female,8587.0,Salaried,High School,22620,8087,7293,1,5345,0
432,43.0,Female,42314.0,,Bachelor,504,120,23855,1,4203,0
433,,Male,10714.0,Salaried,Bachelor,16491,7148,17948,3,1247,0
434,49.0,Male,7027.0,Unemployed,Bachelor,-2183,4104,13625,2,4520,1
435,37.0,Male,42259.0,Salaried,High School,33697,10169,8177,1,4832,1
436,28.0,Male,22192.0,Salaried,Master,9139,4047,10069,1,1286,0
437,35.0,Male,14391.0,Salaried,High School,32554,14629,22815,1,1252,0
438,42.0,Male,7651.0,Salaried,Bachelor,29458,9544,15825,1,2084,0
439,44.0,Male,22847.0,Salaried,Master,10994,9112,11696,0,877,0
440,48.0,Female,4796.0,Salaried,Bachelor,8672,13279,18058,3,1829,0
441,30.0,Male,21704.0,Salaried,High School,23503,14819,10113,4,2399,1
442,28.0,Male,15916.0,Self employed,Bachelor,11556,9899,24005,1,3756,0
443,27.0,Female,26716.0,Self-Employed,Bachelor,21024,6143,23116,3,3121,0
444,36.0,Male,2559.0,Self-Employed,Master,15171,1130,12200,0,2777,0
445,40.0,Male,7013.0,Self employed,Master,2188,6569,11227,3,2275,0
446,41.0,Female,6635.0,Salaried,Bachelor,-2304,6913,-708,1,1038,0
447,23.0,Male,6108.0,Self-Employed,Bachelor,22266,10535,6110,2,3887,0
448,28.0,Male,17988.0,Self-Employed,High School,14384,8274,6963,3,3854,0
449,30.0,Male,10864.0,Salaried,High School,14469,13439,15811,2,2074,0
450,55.0,Female,7259.0,Self employed,Bachelor,26958,6935,13042,1,1348,0
451,34.0,Male,6172.0,Salaried,Bachelor,31734,9714,6927,1,5334,0
452,23.0,Male,6817.0,Self-Employed,Bachelor,17274,15919,13313,2,3370,0
453,41.0,Female,24490.0,Unemployed,High School,16594,11709,18032,1,3595,0
454,,Male,12750.0,Salaried,High School,25001,9699,18167,2,3660,0
455,26.0,Female,23907.0,Self-Employed,Bachelor,6430,6990,3601,2,1196,0
456,33.0,Female,86272.0,Self employed,High School,22231,6833,14230,3,5248,0
457,34.0,Male,13193.0,Unemployed,Master,25518,5746,6699,5,2394,0
458,36.0,Female,4954.0,Salaried,High School,26802,7294,20410,2,4233,0
459,47.0,Female,12137.0,Self-Employed,Bachelor,632,13778,19704,2,5187,0
460,43.0,Male,49779.0,,PhD,12386,8890,9611,1,3122,0
461,39.0,Female,28587.0,Salaried,High School,11217,3251,10403,4,1227,1
462,47.0,Female,8499.0,Salaried,Bachelor,20998,18840,12232,2,-740,0
463,33.0,Male,10798.0,,High School,24807,11599,1483,2,2942,0
464,30.0,Male,22982.0,Self-Employed,Bachelor,34967,2965,17015,0,3375,0
465,,Male,18689.0,Self-Employed,Bachelor,15050,7790,13362,1,2128,0
466,40.0,Female,23155.0,Unemployed,Bachelor,15024,10554,20821,1,3203,0
467,23.0,Male,11301.0,Salaried,Bachelor,31496,18522,8409,1,3645,0
468,52.0,Female,17536.0,Salaried,Master,22965,4459,11285,2,4490,0
469,27.0,Female,10789.0,Salaried,High School,32676,14880,5960,3,2657,0
470,43.0,Female,35433.0,Salaried,High School,22887,16997,8974,3,2931,0
471,43.0,Female,4589.0,Salaried,Master,8428,6856,7908,4,2732,1
472,18.0,Female,4599.0,Salaried,Bachelor,6668,8612,20975,3,3050,0
473,40.0,Female,8101.0,Salaried,Master,4484,4818,10810,1,2230,0
474,54.0,Female,8309.0,Salaried,Bachelor,26620,8982,15745,3,2223,1
475,30.0,Male,4589.0,,Master,31885,9817,12715,1,2317,1
476,19.0,Male,4045.0,Salaried,Bachelor,38493,13298,7383,2,3234,0
477,36.0,Female,28224.0,Unemployed,Master,28431,15450,13990,0,1729,0
478,42.0,Female,11885.0,Self-Employed,PhD,31628,6259,18594,1,2323,0
479,37.0,Male,11272.0,Unemployed,Bachelor,14199,163,7753,1,5712,0
480,28.0,Female,13896.0,Salaried,High School,8435,9893,19854,4,4344,1
481,27.0,Male,40892.0,Salaried,High School,28500,11467,9901,1,1564,0
482,21.0,Male,14492.0,Self-Employed,High School,24176,11247,12102,2,4297,0
483,19.0,Male,12358.0,Salaried,High School,21074,8366,18184,2,3941,1
484,34.0,Female,8549.0,Salaried,Bachelor,23873,10623,11019,1,2844,0
485,42.0,Female,20318.0,Salaried,Bachelor,23231,17577,15225,3,1938,0
486,39.0,Male,12771.0,Salaried,Bachelor,32838,11908,13111,4,1767,1
487,40.0,Male,42467.0,Salaried,Bachelor,32949,8133,15776,0,3335,1
488,44.0,Male,11937.0,Salaried,Bachelor,25442,7499,715,2,1730,1
489,51.0,Male,27047.0,Self employed,High School,28458,9150,4021,2,4645,0
490,38.0,Male,8121.0,,High School,25140,18183,18695,5,5071,0
491,41.0,Female,8065.0,Salaried,High School,15388,9083,21223,2,2935,0
492,41.0,Male,3719.0,Self-Employed,Bachelor,27565,9901,9537,2,4708,0
493,39.0,Female,23298.0,Salaried,High School,6055,7588,13535,4,2382,1
494,38.0,Male,13006.0,Salaried,High School,30538,15494,16768,1,1928,0
495,39.0,Female,20903.0,Self-Employed,Bachelor,8054,19799,19159,4,4650,0
496,53.0,Female,43797.0,Salaried,Master,22858,12253,2833,3,5369,0
497,52.0,Female,7385.0,Salaried,High School,11548,10413,9683,6,5944,0
498,20.0,Female,6643.0,Salaried,Bachelor,25533,10183,13004,0,3498,0
499,40.0,Female,7700.0,Salaried,Bachelor,19660,-1921,19218,3,4293,0
500,38.0,Female,3064.0,Salaried,Master,4052,13725,29990,1,3465,0
501,50.0,Male,11669.0,Self-Employed,PhD,24206,10670,13631,1,5105,0
502,37.0,Female,24808.0,Salaried,High School,14220,12141,6558,2,3649,1
503,40.0,Male,13826.0,Salaried,High School,28811,6442,17413,2,4207,0
504,31.0,Female,4448.0,Salaried,Master,20013,8077,22925,1,1296,0
505,46.0,Female,10406.0,Salaried,Bachelor,23954,7944,15648,2,2653,0
506,25.0,Male,,,Bachelor,10424,15108,9560,3,4220,1
507,34.0,Female,,Salaried,Bachelor,14106,8106,20747,2,4085,0
508,27.0,Male,23330.0,Salaried,Bachelor,15413,20413,18981,2,4348,0
509,34.0,Male,10489.0,Salaried,PhD,28567,12154,8843,4,3180,0
510,32.0,Male,10476.0,Salaried,PhD,36773,3621,17288,1,2021,0
511,46.0,Male,20249.0,Salaried,Master,11948,9357,20983,0,2911,0
512,35.0,Female,8819.0,Self-Employed,High School,30768,6741,22091,3,3070,0
513,52.0,Female,24312.0,Salaried,Master,-1696,-971,14601,2,3362,0
514,35.0,Male,8422.0,Salaried,High School,8058,17997,12851,5,1548,1
515,27.0,Female,39568.0,Salaried,High School,10412,13515,22363,3,2601,0
516,35.0,Female,15751.0,Self employed,Master,6474,12666,7739,7,2866,0
517,,Male,3388.0,Salaried,High School,4164,10827,17631,1,-363,0
518,54.0,Female,20916.0,Self employed,High School,24129,3089,6779,4,4248,0
519,31.0,Male,15968.0,Self-Employed,High School,17859,7581,21392,1,3246,0
520,54.0,Male,18775.0,Self-Employed,Master,23794,14208,13451,2,3397,0
521,36.0,Female,64622.0,,Bachelor,26904,4743,22611,4,2226,0
522,33.0,Female,11126.0,Salaried,Bachelor,22656,-2658,17948,2,3879,0
523,45.0,Female,4506.0,Self-Employed,High School,26577,8864,7660,0,1752,0
524,52.0,Male,32444.0,Unemployed,Master,19304,9291,23547,2,1987,0
525,43.0,Male,3844.0,Self-Employed,Master,8130,10677,24307,2,3942,0
526,23.0,Female,7922.0,Salaried,Bachelor,30578,13642,20293,0,3535,0
527,41.0,Female,13759.0,Salaried,Bachelor,14108,13188,10430,1,1083,0
528,59.0,Female,7121.0,Salaried,High School,10644,11293,13163,3,5366,0
529,18.0,Female,,Self employed,PhD,18220,15977,15872,0,1862,0
530,,Male,12148.0,Salaried,Bachelor,10871,2405,10777,1,2801,1
531,35.0,Female,39146.0,Salaried,PhD,15825,12522,25154,1,5620,1
532,,Male,2452.0,Self-Employed,Bachelor,23440,13132,15865,2,-89,1
533,48.0,Male,14202.0,,Master,23483,3802,-1220,0,440,1
534,20.0,Female,7012.0,Self-Employed,Master,11021,2485,17036,0,3662,0
535,34.0,Female,9011.0,Salaried,Bachelor,15122,6270,12911,0,-717,0
536,48.0,Female,21505.0,Salaried,PhD,30743,6692,14550,3,-65,0
537,46.0,Male,19199.0,Salaried,Bachelor,24964,13767,12788,3,4762,0
538,43.0,Female,16983.0,Self-Employed,High School,40750,6927,19842,0,2386,1
539,39.0,Female,5538.0,Salaried,Bachelor,31801,5718,21718,2,6294,0
540,36.0,Male,30648.0,Salaried,Master,31442,6941,16698,3,1447,0
541,33.0,Female,7237.0,Unemployed,Bachelor,6121,15593,12964,5,2522,0
542,28.0,Male,35258.0,Salaried,High School,27638,10065,14751,3,3810,1
543,46.0,Female,8479.0,Salaried,Bachelor,19468,9103,15117,1,3707,1
544,40.0,Male,27490.0,Salaried,Bachelor,14490,9449,10185,3,2617,0
545,46.0,Female,14345.0,Salaried,Bachelor,21680,16460,18473,2,2027,1
546,30.0,Female,4138.0,Self employed,Bachelor,29452,6254,17760,0,3347,0
547,29.0,Male,10416.0,,Master,25008,16577,24242,2,5065,0
548,42.0,Male,43986.0,Salaried,High School,11215,11052,22532,4,4144,0
549,18.0,Female,23775.0,Salaried,Bachelor,27424,9197,10885,3,2051,0
550,18.0,Male,9852.0,Self employed,High School,13624,22504,19921,2,1512,0
551,48.0,Male,33274.0,Salaried,High School,22166,4721,9294,3,1960,0
552,30.0,Male,16273.0,,Master,16966,8231,19175,3,1089,1
553,,Male,42191.0,Salaried,PhD,17811,3837,11900,1,3221,0
554,41.0,Female,12639.0,,Bachelor,27662,14762,8860,1,4220,0
555,48.0,Female,10891.0,Salaried,Master,9598,18445,16680,5,2892,0
556,33.0,Male,26681.0,Salaried,Master,39451,18349,-1047,2,5579,0
557,34.0,Male,15937.0,Self-Employed,Master,1789,16119,4494,4,5663,0
558,31.0,Male,19737.0,Salaried,High School,14023,9011,13935,4,3461,0
559,44.0,Male,7304.0,Unemployed,PhD,23702,8173,15494,2,4052,0
560,44.0,Female,30328.0,Unemployed,Bachelor,25843,1644,12784,2,1649,0
561,50.0,Female,26571.0,Salaried,Bachelor,18995,20179,5523,3,2458,0
562,25.0,Male,34409.0,Salaried,High School,19426,12344,10092,4,4908,0
563,60.0,Male,5157.0,Salaried,Bachelor,24105,7540,17347,1,2131,1
564,34.0,Male,5920.0,Self-Employed,High School,17689,16640,18490,2,5231,0
565,37.0,Female,7920.0,Salaried,High School,33931,5136,14902,1,4668,0
566,39.0,Male,11298.0,Salaried,Bachelor,28393,12033,21941,6,4127,0
567,28.0,Female,5255.0,Salaried,Master,28728,9136,17384,2,1240,0
568,33.0,Male,20870.0,Self-Employed,Master,10338,13193,10515,2,2532,0
569,52.0,Female,9830.0,Self-Employed,Bachelor,19206,9682,13316,1,3966,1
570,52.0,Male,32182.0,Salaried,Master,16995,2745,6582,4,1521,0
571,40.0,Female,58060.0,Self employed,Master,9943,10377,14351,2,2714,0
572,48.0,Male,8814.0,Salaried,Master,23601,15244,21672,3,4128,0
573,42.0,Male,7807.0,Salaried,High School,14623,9853,19111,1,2147,0
574,37.0,Male,22541.0,Self-Employed,Bachelor,26554,13875,23412,4,1730,0
575,30.0,Female,14298.0,Salaried,PhD,9298,4772,13182,4,298,0
576,,Male,17305.0,Salaried,Bachelor,37190,9868,23076,0,2420,0
577,30.0,Female,33879.0,Salaried,Bachelor,11036,6877,13840,8,4159,1
578,54.0,Female,11046.0,Self-Employed,Bachelor,22193,13734,23829,3,1690,0
579,46.0,Male,6335.0,Self-Employed,Bachelor,27918,10157,14868,2,3026,1
580,52.0,Male,-5645.0,Self employed,Bachelor,14293,13450,19243,3,2663,1
581,41.0,Male,11800.0,Self-Employed,High School,28524,15438,23850,0,2000,1
582,29.0,Female,10443.0,Salaried,Bachelor,7708,13458,13839,2,4256,0
583,44.0,Male,24475.0,Salaried,Master,34521,11365,16310,2,5463,0
584,50.0,Female,35409.0,Salaried,Master,20141,5008,22733,1,4506,0
585,44.0,Female,35312.0,Salaried,High School,14035,9986,14201,3,1956,0
586,-24.0,Male,8178.0,,PhD,17008,7334,7074,2,5988,1
587,23.0,Male,7613.0,Unemployed,Bachelor,28089,8279,27858,2,4502,0
588,44.0,Male,3754.0,Salaried,Bachelor,14155,8127,12181,2,2313,0
589,34.0,Male,13388.0,Salaried,Master,12506,5100,15952,3,1837,0
590,41.0,Male,24817.0,Salaried,Master,17784,213,21936,3,4681,0
591,30.0,Male,8146.0,Salaried,PhD,8230,6659,11349,3,3260,0
592,39.0,Female,4740.0,Unemployed,Bachelor,38205,10966,8952,1,1723,0
593,26.0,Female,50015.0,Salaried,Master,14336,3259,16522,2,2777,0
594,40.0,Female,8155.0,Salaried,High School,28316,10078,4241,3,2389,0
595,45.0,Male,12349.0,Self-Employed,Master,22094,19501,13272,0,1763,0
596,,Female,9638.0,Salaried,Master,10154,15115,16470,3,4521,0
597,24.0,Female,5253.0,Salaried,Bachelor,19940,18217,13380,1,4172,0
598,42.0,Female,25117.0,Salaried,High School,27840,11955,5739,1,4257,0
599,32.0,Female,3927.0,Salaried,Master,18117,15837,24565,0,4237,0
600,53.0,Female,29349.0,Unemployed,High School,31931,6380,15621,2,1625,1
601,47.0,Male,16117.0,Self-Employed,High School,30215,6778,23586,3,2094,1
602,38.0,Male,11069.0,Salaried,Master,29189,-3695,13439,2,5187,1
603,59.0,Female,11199.0,Self-Employed,Bachelor,15403,15930,9719,4,3162,0
604,30.0,Female,18361.0,Salaried,Master,9201,17701,16615,1,794,1
605,37.0,Female,8518.0,Salaried,Bachelor,13864,7234,13705,2,3325,1
606,43.0,Male,15119.0,Salaried,High School,21962,8730,7933,1,3982,1
607,58.0,Male,7174.0,Salaried,Master,25457,6230,23818,2,3786,0
608,52.0,Female,2963.0,Salaried,Bachelor,-1715,11913,11266,4,1593,1
609,46.0,Male,20576.0,Self employed,High School,19918,15624,3958,0,5830,0
610,29.0,Male,73571.0,Unemployed,Master,21580,1286,22968,3,749,0
611,29.0,Female,19855.0,Salaried,Bachelor,17224,12047,11974,1,3166,0
612,44.0,Male,12923.0,Salaried,Bachelor,32912,8616,11353,2,5604,0
613,25.0,Male,10121.0,Salaried,Bachelor,24217,10566,4407,1,3887,0
614,,Female,10345.0,Salaried,Master,33101,12294,25445,2,4254,0
615,46.0,Male,10120.0,Salaried,Master,17840,9058,7263,3,1420,0
616,23.0,Male,15356.0,Salaried,Master,29374,9482,15350,3,3520,1
617,44.0,Female,2513.0,Self-Employed,High School,36350,8930,20475,1,2945,0
618,46.0,Male,2225.0,Salaried,Master,33116,14851,17530,1,1304,0
619,34.0,Male,18321.0,Salaried,Bachelor,9078,12093,14642,3,4297,0
620,36.0,Female,11621.0,Salaried,Bachelor,17463,11102,4790,5,1770,0
621,20.0,Female,6700.0,Salaried,Bachelor,16548,3645,10141,1,1948,0
622,36.0,Female,6573.0,Salaried,Master,24892,8107,16126,3,3648,0
623,22.0,Male,9041.0,,Master,26863,14493,10276,1,2785,0
624,31.0,Female,9968.0,Salaried,High School,11611,10188,16220,1,3253,0
625,33.0,Male,36182.0,Self employed,Bachelor,20678,13297,19090,2,2693,0
626,26.0,Female,6316.0,Salaried,Master,-199,18832,20775,0,5119,0
627,25.0,Male,22805.0,Salaried,High School,34419,15193,7642,2,1612,0
628,26.0,Female,20194.0,Salaried,PhD,14876,10465,28179,2,2302,1
629,50.0,Female,11537.0,Self-Employed,Bachelor,20558,7445,19604,1,3721,0
630,,Female,22822.0,Salaried,Bachelor,16903,-2767,14989,4,1518,0
631,50.0,Female,18199.0,Self-Employed,High School,31460,9158,21537,5,1451,0
632,33.0,Male,5545.0,Salaried,High School,-8375,8369,29192,2,3206,0
633,34.0,Female,8819.0,Self-Employed,PhD,19833,11951,6367,1,4301,0
634,33.0,Female,17526.0,Salaried,High School,18941,9230,13648,2,4496,0
635,18.0,Male,8790.0,Self employed,Master,15463,8398,729,3,3137,0
636,43.0,Female,20486.0,Salaried,Bachelor,37262,1103,16155,0,1991,0
637,36.0,Male,30144.0,Unemployed,High School,11126,5300,17192,1,3413,0
638,38.0,Female,13108.0,Salaried,High School,27717,12383,14765,5,3849,0
639,18.0,Female,8741.0,Salaried,Bachelor,23562,18579,11072,3,3392,1
640,37.0,Female,8072.0,Salaried,PhD,32615,9512,2702,0,4851,0
641,33.0,Male,10352.0,Self-Employed,Bachelor,13328,11639,17241,4,1478,0
642,39.0,Female,9858.0,Salaried,Bachelor,12670,14762,23732,2,1954,1
643,37.0,Female,24460.0,Self-Employed,Bachelor,30960,5945,11453,2,4643,1
644,33.0,Female,8861.0,Salaried,Bachelor,24253,11834,17640,1,790,0
645,43.0,Male,11813.0,Salaried,Bachelor,4550,6297,5591,4,2190,0
646,48.0,Male,23058.0,Salaried,Master,14606,14324,17743,1,1902,0
647,33.0,Female,10604.0,Unemployed,Bachelor,23863,10757,12639,1,653,0
648,23.0,Male,9789.0,Self employed,Bachelor,28377,11492,10425,3,2719,0
649,24.0,Female,24586.0,Unemployed,High School,13207,6087,10437,2,4119,0
650,42.0,Female,30091.0,Salaried,PhD,-9142,13535,12638,2,3234,0
651,50.0,Female,13723.0,,High School,25232,20423,17294,1,4199,0
652,19.0,Female,42722.0,Self employed,High School,7796,4960,7127,2,4787,0
653,27.0,Female,15003.0,Salaried,Bachelor,-173,8301,12617,2,2421,0
654,34.0,Female,24672.0,Self-Employed,Bachelor,-8323,11158,14751,1,6970,0
655,18.0,Female,52496.0,Unemployed,Bachelor,28139,13932,8405,2,2481,0
656,37.0,Male,8603.0,Self-Employed,Bachelor,21286,7202,25779,1,2681,0
657,41.0,Male,9274.0,,Master,17743,-4165,9879,3,1938,0
658,,Male,23378.0,Salaried,High School,33890,16795,10983,0,3818,1
659,34.0,Male,11939.0,Salaried,Master,26373,13802,9130,1,2564,0
660,34.0,Male,6914.0,Unemployed,Bachelor,36163,1285,25790,2,2881,0
661,27.0,Male,10462.0,Salaried,Bachelor,6072,6962,18317,3,2692,1
662,20.0,Male,4962.0,Self employed,Bachelor,19654,17840,9380,3,2658,0
663,36.0,Female,13591.0,Self employed,High School,3832,17238,21637,0,3237,1
664,42.0,Female,,Self employed,Master,17706,14693,16204,1,2324,0
665,38.0,Female,28551.0,Unemployed,Bachelor,17513,9119,16543,2,2395,0
666,49.0,Female,30526.0,Salaried,Bachelor,26266,10414,12933,0,4609,0
667,41.0,Male,10699.0,Salaried,Bachelor,20455,9345,10503,2,2559,0
668,44.0,Male,58414.0,Salaried,PhD,26234,15641,17026,3,3575,0
669,,Female,6299.0,Salaried,Bachelor,27034,5620,11729,2,1665,1
670,56.0,Female,5013.0,Salaried,PhD,41549,5971,25900,4,23320,0
671,33.0,Male,5599.0,Salaried,Bachelor,16847,15051,7384,2,1151,0
672,44.0,Female,5884.0,Self-Employed,High School,10589,9778,24216,2,5781,0
673,40.0,Female,22712.0,Unemployed,High School,22460,16892,14332,0,5063,0
674,45.0,Female,43369.0,Salaried,Bachelor,11977,6642,16794,0,3893,0
675,41.0,Female,44634.0,Salaried,High School,34819,9726,19998,2,6226,0
676,37.0,Male,3571.0,Unemployed,High School,17167,5387,11218,1,4155,0
677,41.0,Female,24337.0,,PhD,14344,10036,20185,1,2742,0
678,43.0,Female,38907.0,Salaried,Master,15286,2607,-1245,3,3558,0
679,44.0,Male,26864.0,Salaried,Master,27184,7561,10680,2,5041,1
680,52.0,Male,8575.0,Salaried,High School,18422,2818,9455,4,1679,0
681,39.0,Female,15031.0,Salaried,High School,13583,13469,7478,3,1240,0
682,27.0,Male,6863.0,Unemployed,High School,36653,13582,13710,2,3609,0
683,39.0,Female,22543.0,Salaried,Master,11438,1348,17314,1,2119,0
684,33.0,Female,4795.0,,PhD,20355,16669,19215,1,-389,0
685,,Male,21585.0,Salaried,Bachelor,26523,22487,16445,2,1135,1
686,34.0,Female,8127.0,Salaried,High School,3686,10230,11005,5,2532,0
687,28.0,Female,17227.0,Self employed,Bachelor,24802,6794,17214,4,3072,0
688,18.0,Female,11187.0,Self-Employed,Bachelor,9448,24121,15745,1,3116,0
689,52.0,Female,10381.0,Self-Employed,Bachelor,28227,3405,20616,0,6007,0
690,33.0,Male,25919.0,Salaried,Bachelor,10373,10100,19661,0,2688,0
691,20.0,Male,38891.0,Unemployed,Master,26927,10898,15182,5,3417,1
692,39.0,Female,7291.0,Self-Employed,High School,31058,16725,9616,4,561,0
693,44.0,Male,15224.0,Self-Employed,High School,28614,11798,11082,2,2953,0
694,36.0,Female,6244.0,,PhD,22513,7506,11701,2,3501,0
695,25.0,Female,9678.0,Salaried,High School,17686,5244,13108,4,937,0
696,23.0,Female,,Salaried,High School,14235,8290,16608,3,1599,0
697,60.0,Female,5533.0,Self employed,High School,34710,4965,19291,6,3733,1
698,23.0,Female,28042.0,Salaried,High School,13005,10239,14693,0,2180,0
699,21.0,Male,14363.0,Salaried,Bachelor,9629,7179,15096,3,2846,1
700,34.0,Female,9111.0,Self-Employed,Master,26653,2529,15859,1,3811,0
701,46.0,Male,12826.0,,Bachelor,12038,16275,11904,1,6055,0
702,54.0,Male,30866.0,Unemployed,Bachelor,10499,7511,9447,1,2667,0
703,35.0,Female,27429.0,Salaried,Bachelor,5563,3659,4467,5,5653,0
704,35.0,Female,19748.0,Self employed,Bachelor,15170,9158,10829,6,61,1
705,,Female,8361.0,Salaried,Master,19172,10341,17838,1,3222,0
706,48.0,Female,14523.0,Salaried,Master,22430,1267,10782,2,2498,0
707,37.0,Female,6224.0,Salaried,High School,29513,11658,13573,0,2201,1
708,37.0,Male,12567.0,Salaried,Master,25268,4764,17798,0,3987,0
709,42.0,Female,26491.0,Salaried,Bachelor,18091,18555,18124,4,2678,1
710,41.0,Female,30159.0,Self-Employed,PhD,18018,12619,8522,2,-37,0
711,36.0,Male,8518.0,Salaried,Bachelor,25101,8000,20982,1,617,0
712,51.0,Male,23928.0,Self employed,PhD,32725,6274,21764,2,4083,1
713,21.0,Female,20723.0,Salaried,Master,21263,9475,8220,0,544,0
714,40.0,Male,11288.0,Salaried,High School,15308,13063,10056,0,4123,1
715,42.0,Female,22522.0,Salaried,Bachelor,10071,9872,22146,2,3187,0
716,33.0,Male,31520.0,Salaried,PhD,5547,8914,14118,2,2744,1
717,44.0,Male,24232.0,Salaried,Master,26662,10291,1681,0,2877,0
718,44.0,Female,6389.0,Salaried,High School,25779,6980,6601,2,3772,0
719,49.0,Male,10996.0,Salaried,Master,25773,8283,13503,1,1233,1
720,36.0,Male,17671.0,Salaried,Bachelor,18713,-428,8021,3,3063,0
721,35.0,Male,7612.0,Salaried,High School,34069,14868,12519,4,1290,0
722,43.0,Male,39757.0,Unemployed,Bachelor,15158,11493,15194,4,3245,1
723,36.0,Male,16637.0,Salaried,High School,29552,6132,23773,2,3969,0
724,22.0,Male,9725.0,Self employed,Master,19612,19493,13257,4,3248,1
725,46.0,Female,9309.0,Self employed,Bachelor,13916,10435,21435,4,3912,0
726,19.0,Female,8212.0,Unemployed,Master,25925,4819,23572,2,1949,0
727,42.0,Male,21896.0,Self-Employed,High School,24096,14283,23605,2,2906,0
728,63.0,Female,23798.0,Salaried,Bachelor,23569,11990,16708,0,2643,0
729,43.0,Female,8394.0,Self employed,High School,20812,11972,3220,4,2544,0
730,31.0,Female,37364.0,Self-Employed,High School,19621,7871,17764,3,1799,0
731,33.0,Male,10189.0,Salaried,High School,43883,12252,21290,2,2352,0
732,41.0,Female,7647.0,Salaried,High School,31842,8691,14513,3,1330,0
733,37.0,Male,18658.0,Salaried,Bachelor,27228,12779,25467,3,458,0
734,45.0,Female,5769.0,Self-Employed,High School,21117,475,20159,2,1948,1
735,52.0,Male,5138.0,Self-Employed,Bachelor,30071,7830,18409,6,3938,0
736,51.0,Male,6854.0,Salaried,Bachelor,25179,18610,21518,1,3351,0
737,26.0,Female,7710.0,Salaried,Master,20262,6164,17000,2,1115,1
738,38.0,Female,22576.0,Salaried,PhD,16964,6980,43,2,2390,0
739,42.0,Male,5391.0,Salaried,Bachelor,19190,7760,12005,2,4038,1
740,,Female,17294.0,Unemployed,Bachelor,-11704,3925,22183,3,2327,0
741,41.0,Female,24078.0,Salaried,High School,22106,-1041,10154,2,873,0
742,31.0,Female,36727.0,Salaried,PhD,15115,8847,13659,3,6386,0
743,42.0,Male,9468.0,Salaried,High School,35926,10679,8730,1,2749,0
744,56.0,Male,10008.0,Self employed,High School,20193,9737,25703,1,1254,0
745,35.0,Female,55576.0,Salaried,High School,8110,9275,25088,0,3256,1
746,-30.0,Female,34447.0,Self employed,Bachelor,19501,10215,9696,6,2871,0
747,37.0,Female,11023.0,Salaried,High School,9538,15114,15883,2,687,0
748,31.0,Male,29812.0,Salaried,Master,24734,9047,10917,6,3140,0
749,46.0,Male,15886.0,,High School,22909,7129,18689,2,4475,0
750,31.0,Female,13513.0,,Bachelor,29578,8594,18058,1,2650,0
751,50.0,Female,75983.0,Salaried,High School,12091,12896,19870,1,-90,1
752,42.0,Female,28349.0,Unemployed,High School,20340,17060,16991,0,3512,0
753,44.0,Female,,Self-Employed,PhD,6349,6859,32612,2,3904,0
754,44.0,Female,6351.0,Unemployed,High School,27014,10494,8832,2,2120,0
755,46.0,Female,47020.0,Salaried,Master,25188,11691,4736,5,2131,1
756,34.0,Male,11974.0,Unemployed,Bachelor,24958,5037,12641,1,6386,1
757,28.0,Female,11867.0,Salaried,High School,20016,10102,5592,1,2012,0
758,33.0,Male,17551.0,,PhD,24147,2671,6045,2,1317,1
759,47.0,Female,19123.0,Salaried,High School,36043,1154,8992,2,3037,0
760,20.0,Female,27961.0,Salaried,Master,17149,11833,9466,2,3862,1
761,18.0,Male,24796.0,Self employed,High School,21386,8080,9272,0,3798,0
762,40.0,Male,8456.0,Salaried,Master,9138,11011,18109,3,-702,0
763,46.0,Male,6650.0,Salaried,High School,11317,9910,11962,3,2008,0
764,47.0,Male,11685.0,Self employed,Bachelor,20978,5117,13922,3,4729,0
765,28.0,Female,13234.0,Salaried,Master,31039,9773,20365,1,3490,0
766,26.0,Male,14219.0,,PhD,17437,3834,10402,3,1146,0
767,31.0,Female,34781.0,Salaried,PhD,17640,16954,13412,1,4863,0
768,34.0,Male,15200.0,Self-Employed,Master,15931,3220,17194,2,4447,1
769,34.0,Female,84624.0,Self-Employed,Master,14652,9021,3350,2,2555,0
770,39.0,Female,36756.0,Salaried,High School,22949,4788,690,1,4319,0
771,52.0,Female,10818.0,Salaried,High School,5027,12852,17076,5,5999,0
772,37.0,Female,3855.0,Salaried,High School,32809,8342,17952,1,1418,1
773,47.0,Female,71086.0,Self-Employed,Bachelor,13345,7406,27385,2,3833,1
774,44.0,Female,10963.0,Salaried,Bachelor,27219,14266,15948,1,5978,0
775,30.0,Male,25595.0,Salaried,Bachelor,7300,10147,19918,4,3979,0
776,44.0,Female,8374.0,Salaried,High School,26688,12583,13827,2,1868,0
777,43.0,Male,40906.0,Salaried,Bachelor,26719,5093,16783,1,3358,0
778,37.0,Male,24183.0,Salaried,High School,23842,2975,25003,1,5054,0
779,39.0,Female,6241.0,Self-Employed,Bachelor,10055,10536,2256,1,1476,1
780,37.0,Male,3400.0,Salaried,Bachelor,22495,8405,17481,3,29540,0
781,27.0,Female,15246.0,Salaried,Master,8169,13132,27813,1,2634,0
782,61.0,Male,18920.0,Self-Employed,Master,17472,9600,16692,1,2052,0
783,-48.0,Female,22786.0,Self-Employed,Bachelor,30294,11025,24903,3,3362,0
784,43.0,Male,7750.0,Salaried,High School,27967,1883,11224,3,2848,0
785,33.0,Female,8513.0,Salaried,Bachelor,20151,19442,14807,2,3965,0
786,37.0,Female,3558.0,Salaried,High School,10251,9178,15201,0,4711,0
787,26.0,Female,9077.0,Unemployed,Bachelor,26455,13487,1694,1,1090,1
788,42.0,Female,4264.0,Salaried,Bachelor,20193,5819,7990,2,3101,0
789,,Male,8112.0,Unemployed,High School,-3203,11540,8418,1,2920,0
790,35.0,Female,16809.0,Self employed,High School,27826,3485,19932,0,3305,1
791,38.0,Male,16640.0,Salaried,PhD,19757,12260,20232,0,2976,0
792,35.0,Male,8334.0,Salaried,PhD,32024,8220,16944,0,1529,0
793,33.0,Male,16162.0,Salaried,Bachelor,9047,10145,19944,2,5182,0
794,30.0,Female,37594.0,Salaried,High School,-11767,13489,14015,0,5821,0
795,27.0,Male,10995.0,Salaried,High School,22790,3837,22211,0,3820,0
796,30.0,Male,5457.0,Self employed,Bachelor,22915,6577,15052,5,3897,0
797,,Male,23154.0,Unemployed,PhD,3093,12286,15347,3,3196,0
798,48.0,Female,28693.0,Salaried,High School,10215,20491,13406,1,4453,0
799,31.0,Female,8204.0,Self employed,Master,47552,9309,19106,0,-664,0
800,18.0,Male,8247.0,Salaried,High School,16943,12955,12472,2,2994,1
801,40.0,Female,3333.0,Salaried,PhD,27309,9465,20858,0,2141,0
802,44.0,Female,9676.0,Salaried,Bachelor,13493,19711,8207,1,3218,1
803,47.0,Male,7002.0,Self employed,Master,-903,1263,8406,1,4638,0
804,39.0,Male,4600.0,Unemployed,Bachelor,18297,10473,19124,2,3028,0
805,26.0,Female,10349.0,Self employed,Bachelor,17343,1872,14468,2,2459,0
806,30.0,Male,13313.0,Salaried,High School,16001,-2532,12276,3,895,0
807,44.0,Female,11713.0,Salaried,High School,18853,11487,20340,2,2836,0
808,52.0,Female,10649.0,Salaried,PhD,22642,10697,11356,2,4008,0
809,26.0,Female,38833.0,Salaried,PhD,18498,8575,13798,2,1738,0
810,40.0,Female,16567.0,Self-Employed,Master,7359,9469,23395,0,-5,0
811,32.0,Female,21067.0,Self-Employed,Bachelor,24861,25491,24234,2,6411,1
812,29.0,Female,47450.0,Self employed,Master,506,8709,24434,0,3502,0
813,38.0,Male,26657.0,Salaried,High School,-503,12550,13307,0,2667,0
814,36.0,Male,11031.0,Salaried,Bachelor,27391,6753,22384,4,5086,0
815,18.0,Female,3651.0,Salaried,Bachelor,25070,11476,9306,2,3212,1
816,40.0,Female,10301.0,Salaried,Bachelor,19426,8808,9558,3,4998,1
817,41.0,Female,37005.0,Salaried,Bachelor,6045,7947,897,4,4869,1
818,45.0,Male,26526.0,Self employed,High School,12920,19094,25037,4,1088,0
819,32.0,Female,10330.0,Self employed,Bachelor,17372,15885,9816,1,3689,0
820,22.0,Male,12640.0,Salaried,Master,4041,10683,14240,3,5587,0
821,33.0,Female,14610.0,Salaried,Bachelor,12609,-1521,9538,1,1502,0
822,45.0,Female,8680.0,,High School,26523,8194,19170,3,1520,1
823,37.0,Male,9051.0,Salaried,High School,34273,23515,12746,1,1774,0
824,46.0,Male,8482.0,Self-Employed,High School,15805,8846,7171,2,4335,1
825,24.0,Female,18856.0,Salaried,High School,27564,15516,17649,3,3426,0
826,46.0,Female,6379.0,Salaried,Bachelor,859,17209,6397,1,96,1
827,40.0,Female,36655.0,Salaried,Bachelor,26594,11094,9975,4,3511,0
828,34.0,Male,13301.0,Self-Employed,Bachelor,11960,5790,2358,2,2622,0
829,48.0,Male,6160.0,Salaried,Bachelor,23073,-2176,6456,0,2831,0
830,40.0,Male,27397.0,Salaried,Master,17522,13420,16071,1,1744,0
831,28.0,Male,38185.0,Salaried,High School,33204,5926,3212,0,3522,0
832,47.0,Male,120424.0,Self employed,Bachelor,11255,10880,6113,1,4575,0
833,35.0,Male,34875.0,Unemployed,Master,26276,3750,14985,4,2037,0
834,38.0,Female,7239.0,Salaried,High School,17204,8673,11738,2,476,0
835,29.0,Female,15476.0,Self-Employed,High School,18416,10168,26952,2,2545,0
836,37.0,Male,78441.0,Unemployed,Master,18161,11342,26003,1,4134,0
837,28.0,Female,7748.0,Unemployed,Bachelor,11543,4425,9792,1,2368,1
838,,Female,5491.0,Self employed,Bachelor,19859,15984,18342,4,753,1
839,38.0,Male,10168.0,Self employed,High School,19373,7015,19495,4,4144,0
840,44.0,Female,6566.0,Salaried,Bachelor,22412,1627,11415,1,5123,0
841,23.0,Male,8731.0,Self-Employed,Bachelor,20845,9454,6026,4,3030,0
842,48.0,Male,8409.0,Salaried,High School,27979,10171,14926,0,591,0
843,48.0,Female,22053.0,,Bachelor,29235,10802,13962,2,2523,0
844,36.0,Male,5390.0,Salaried,High School,9493,16810,12385,0,3227,0
845,,Male,14641.0,Self employed,Bachelor,28687,8817,17653,2,1785,0
846,41.0,Male,7820.0,Self-Employed,High School,8136,9401,10495,1,3875,0
847,38.0,Male,19633.0,Salaried,High School,25878,4484,8088,3,1638,0
848,44.0,Male,21188.0,Self-Employed,High School,26197,14102,15654,3,3038,0
849,34.0,Male,24954.0,Salaried,High School,886,10921,17315,0,2657,0
850,30.0,Male,24951.0,Self-Employed,PhD,20929,7899,7940,2,3923,0
851,42.0,Male,8649.0,Salaried,High School,15315,476,20568,0,2978,0
852,22.0,Female,13319.0,Salaried,Bachelor,12412,17222,4377,2,2705,0
853,44.0,Female,37374.0,Unemployed,High School,33508,3861,11531,1,1795,0
854,45.0,Female,18202.0,Salaried,Bachelor,13463,7043,13451,3,3052,1
855,30.0,Male,24864.0,Self-Employed,PhD,11936,11791,11182,2,2609,0
856,52.0,Male,5699.0,Salaried,High School,20756,4017,11609,1,1694,0
857,34.0,Female,26043.0,Salaried,PhD,26855,2532,26226,2,3239,0
858,33.0,Female,3567.0,Salaried,High School,18583,-619,9894,3,3545,0
859,31.0,Female,4581.0,Salaried,Master,31663,13604,29647,3,2492,0
860,42.0,Male,7118.0,Salaried,Bachelor,25309,7274,17622,0,4397,0
861,34.0,Female,17996.0,Salaried,Master,-1782,24636,15552,1,3395,1
862,23.0,Female,20286.0,Salaried,Bachelor,14705,5028,17857,4,1074,0
863,41.0,Male,7556.0,Salaried,Bachelor,14381,5392,30179,3,5006,1
864,35.0,Female,3472.0,Unemployed,High School,24793,7173,9038,1,4150,0
865,48.0,Male,26041.0,Unemployed,High School,-6248,11215,8277,0,4502,1
866,41.0,Male,20157.0,Salaried,PhD,45490,7648,10470,4,3600,0
867,40.0,Male,18024.0,Self employed,Bachelor,25310,13061,15192,1,-506,1
868,48.0,Female,51465.0,Salaried,Bachelor,21488,5107,4645,3,4638,0
869,39.0,Female,14838.0,Self employed,Master,31815,3092,15134,1,3091,0
870,45.0,Male,-6671.0,Self-Employed,Bachelor,43436,1008,25161,2,3529,0
871,,Female,33864.0,Unemployed,PhD,28707,-1117,15908,4,3810,1
872,54.0,Female,10044.0,Salaried,Master,29488,7409,13243,1,5904,1
873,40.0,Female,12411.0,Self-Employed,Bachelor,21306,8495,11291,4,2180,0
874,25.0,Female,9177.0,Salaried,Master,18584,6842,20391,2,2219,0
875,39.0,Male,7460.0,Unemployed,High School,15242,16217,10045,3,1723,0
876,39.0,Female,9945.0,Salaried,High School,11738,16140,26078,4,1395,0
877,39.0,Male,38732.0,Self employed,Bachelor,13129,8325,26600,5,1422,0
878,18.0,Male,6332.0,,High School,6494,1030,16540,1,222,0
879,32.0,Female,28244.0,Self employed,Master,19241,7166,14930,2,3639,1
880,,Male,3661.0,,PhD,3153,7000,21183,3,5981,0
881,24.0,Female,-40973.0,,Bachelor,21909,6714,21568,0,6077,0
882,39.0,Female,44091.0,Salaried,Bachelor,19636,6511,10164,1,1721,0
883,32.0,Male,6524.0,Self employed,PhD,21469,6732,11840,2,2591,0
884,34.0,Male,14118.0,Salaried,Bachelor,14778,8067,7065,0,4850,0
885,29.0,Male,20966.0,Salaried,Bachelor,50768,6822,17454,2,3648,0
886,51.0,Male,8752.0,Salaried,Bachelor,33601,11041,18999,4,3201,0
887,38.0,Female,49907.0,Salaried,PhD,7554,11801,6900,3,2614,1
888,,Female,13563.0,Salaried,Bachelor,22328,5446,12268,2,4767,1
889,44.0,Female,9282.0,Salaried,Master,13919,16355,6916,4,1390,0
890,,Male,14117.0,Salaried,Master,9855,5099,9607,3,3721,0
891,49.0,Male,7979.0,Self-Employed,Bachelor,6599,1910,18306,0,3517,0
892,37.0,Male,13556.0,Self-Employed,Bachelor,24322,11903,10599,2,3065,0
893,31.0,Female,9751.0,Salaried,Master,13186,5912,13195,5,4181,0
894,32.0,Male,7744.0,Salaried,Bachelor,29678,11606,5236,1,3050,0
895,33.0,Female,23347.0,Salaried,Master,29937,-2018,16121,2,2198,0
896,42.0,Male,4085.0,Salaried,PhD,33739,16962,14734,2,3138,1
897,30.0,Female,45887.0,Self employed,Bachelor,11476,13361,10626,2,6110,0
898,50.0,Female,15697.0,Self employed,Master,24753,2497,13865,1,3919,0
899,41.0,Male,48678.0,Salaried,Master,26324,2606,16081,2,4302,1
900,40.0,Male,26197.0,Salaried,Master,15258,18361,10110,0,2015,0
901,38.0,Female,5216.0,Salaried,Bachelor,12282,6313,6142,0,1658,0
902,,Female,14037.0,Self-Employed,High School,36095,5829,25833,0,2070,0
903,,Male,3802.0,Unemployed,Bachelor,22274,-1330,11200,2,2905,1
904,40.0,Male,7097.0,Salaried,Bachelor,26359,8246,14419,5,3323,0
905,57.0,Female,12139.0,Salaried,Bachelor,11779,8861,21065,3,5423,1
906,44.0,Male,8155.0,Self-Employed,Master,7807,13577,36174,4,5233,0
907,42.0,Female,9570.0,Unemployed,Bachelor,14305,3004,7533,1,4247,0
908,22.0,Female,8375.0,Salaried,Bachelor,18759,2398,17698,2,3181,0
909,48.0,Male,63598.0,Salaried,High School,9357,12254,10754,3,1609,0
910,46.0,Male,14518.0,Salaried,Master,19901,15033,11767,2,5519,0
911,49.0,Male,20669.0,Salaried,Bachelor,3114,2144,10678,3,2628,0
912,28.0,Male,12884.0,Salaried,High School,8799,15407,8246,5,3422,0
913,34.0,Male,16918.0,Salaried,High School,26709,10187,14752,3,3941,0
914,23.0,Female,3169.0,Salaried,Master,26037,15459,6152,1,3092,1
915,22.0,Female,43023.0,Salaried,Bachelor,16081,9648,20680,2,4726,0
916,32.0,Male,8060.0,Self-Employed,High School,9822,-2611,15330,1,3683,1
917,42.0,Male,29793.0,Salaried,PhD,9725,9240,17534,2,4482,0
918,33.0,Male,30616.0,Salaried,Master,16267,15300,12202,1,3671,0
919,31.0,Female,3793.0,Salaried,PhD,26445,5531,12796,2,2943,0
920,,Male,13894.0,Salaried,Bachelor,29282,8060,16725,1,3111,0
921,18.0,Male,17742.0,Unemployed,Bachelor,15034,9119,8015,3,2906,0
922,32.0,Female,14427.0,Salaried,Master,8465,-4497,12852,3,1073,0
923,,Female,13350.0,Salaried,Bachelor,22678,18356,9842,3,1498,0
924,33.0,Male,9847.0,Self employed,Master,11764,5493,9656,0,4110,1
925,50.0,Male,8105.0,,High School,14817,12528,2340,0,1110,0
926,31.0,Male,28018.0,Unemployed,Bachelor,33252,9566,23035,1,2393,0
927,32.0,Female,17648.0,Salaried,High School,28271,16288,10880,1,1424,0
928,28.0,Male,15210.0,Salaried,High School,21579,12030,21980,4,2313,0
929,30.0,Male,4355.0,Salaried,High School,7280,8825,21412,1,2767,0
930,40.0,Male,11162.0,Salaried,High School,22113,5532,7284,2,2390,0
931,46.0,Female,12847.0,Self-Employed,PhD,30626,13989,8469,1,857,0
932,59.0,Female,24065.0,Self-Employed,High School,16243,632,30363,2,2721,0
933,43.0,Male,3942.0,Salaried,Bachelor,33511,13229,25505,0,1561,0
934,26.0,Male,6203.0,Salaried,Master,32927,4504,14810,4,2045,0
935,50.0,Female,47056.0,Self-Employed,Bachelor,36637,16261,16544,2,4110,0
936,42.0,Female,7645.0,Unemployed,High School,23052,10806,11214,0,4433,0
937,38.0,Female,3655.0,Salaried,Master,25873,13220,17594,2,1033,0
938,48.0,Female,8195.0,Salaried,Bachelor,34141,10409,10696,3,5352,0
939,61.0,Female,7664.0,Salaried,Master,24473,1238,2805,2,2234,0
940,36.0,Female,21073.0,Self-Employed,Master,14987,5696,7070,2,2098,0
941,29.0,Female,20893.0,Salaried,PhD,15514,13361,15126,2,1662,0
942,51.0,Female,6778.0,Salaried,Bachelor,22385,10833,8213,0,3083,0
943,64.0,Female,10247.0,Self-Employed,Bachelor,7094,15904,14596,0,5972,0
944,39.0,Male,19454.0,Salaried,Bachelor,18567,12016,8552,1,690,0
945,38.0,Male,19916.0,Salaried,High School,30965,5166,10305,3,-85,0
946,39.0,Male,6475.0,Salaried,Master,-1912,6019,20118,4,3402,0
947,42.0,Female,6996.0,Salaried,High School,35344,10514,16484,2,3854,0
948,23.0,Male,58772.0,Salaried,Bachelor,31223,-1570,14942,2,3079,0
949,41.0,Female,11138.0,Salaried,Master,15402,18367,20273,2,3893,0
950,40.0,Female,38002.0,Salaried,Bachelor,25433,12208,17883,0,1303,0
951,40.0,Male,15678.0,Salaried,Bachelor,20031,16135,23679,0,1582,0
952,39.0,Female,28753.0,Self-Employed,Bachelor,32299,2096,12240,0,3185,0
953,38.0,Male,20696.0,Self-Employed,Master,29826,16222,12422,0,5637,0
954,18.0,Male,15058.0,Salaried,Bachelor,5999,21157,7193,1,3841,0
955,30.0,Male,14934.0,,Master,25872,3395,12426,2,3910,0
956,46.0,Female,5605.0,Salaried,High School,17943,13857,20788,3,1389,0
957,,Male,11888.0,Salaried,Master,20828,10005,22799,6,3633,1
958,33.0,Female,9270.0,Salaried,Master,12718,2277,20761,3,1226,0
959,28.0,Male,10620.0,Self employed,High School,37481,12464,4234,2,5651,0
960,45.0,Male,10314.0,Salaried,Bachelor,30400,14168,21498,2,1482,0
961,40.0,Male,14968.0,Salaried,High School,12602,6994,3968,0,1805,1
962,36.0,Female,20880.0,Salaried,Master,6653,15829,20388,1,790,1
963,46.0,Female,12133.0,Self employed,Bachelor,16143,1666,12793,2,3128,0
964,26.0,Female,26066.0,Salaried,Bachelor,24345,2526,19215,1,3065,1
965,49.0,Male,9988.0,Self employed,High School,22402,10682,7005,1,5269,0
966,22.0,Male,14195.0,Salaried,High School,32531,10126,22027,0,4164,0
967,-29.0,Female,78147.0,Self-Employed,High School,27899,6417,6210,0,1813,0
968,27.0,Female,5761.0,,Bachelor,29695,14047,10989,3,4310,0
969,32.0,Female,9946.0,Salaried,Bachelor,23268,12654,9011,1,1134,0
970,41.0,Female,3751.0,,Master,6107,14290,4474,1,1922,0
971,44.0,Female,15676.0,Salaried,Bachelor,18043,9384,15567,4,3177,0
972,37.0,Female,13515.0,Salaried,Bachelor,30600,13012,25836,3,1302,0
973,25.0,Male,-14588.0,Self employed,PhD,19484,7771,31001,2,4596,1
974,18.0,Female,7057.0,Self-Employed,Master,25030,20269,15582,5,6418,0
975,46.0,Male,7838.0,Self employed,PhD,16812,5937,21700,2,2558,0
976,45.0,Male,13874.0,Self-Employed,Bachelor,9701,20526,16392,1,2022,0
977,48.0,Female,5004.0,Salaried,High School,18766,10174,17993,4,2805,0
978,36.0,Female,24761.0,Salaried,High School,23090,3122,12947,4,2163,0
979,44.0,Male,5046.0,Self employed,Master,13443,16840,16170,4,3392,1
980,31.0,Female,12020.0,Salaried,High School,17642,10629,18224,3,1016,1
981,42.0,Female,9847.0,Self employed,Bachelor,10605,14255,11529,1,3477,1
982,33.0,Male,9414.0,Salaried,Bachelor,31192,16119,14535,3,5867,0
983,29.0,Male,4341.0,Salaried,Bachelor,17055,11689,14649,0,-3,0
984,40.0,Male,12952.0,Unemployed,Bachelor,34527,7038,19958,0,1247,0
985,39.0,Female,-5735.0,Salaried,High School,35287,14878,8603,4,2332,0
986,47.0,Male,14737.0,Unemployed,Bachelor,19189,10003,14690,5,3812,0
987,25.0,Female,7850.0,Unemployed,Bachelor,9915,13429,26472,2,4335,0
988,47.0,Male,12897.0,Self-Employed,PhD,-858,-768,21984,1,4214,1
989,39.0,Male,3759.0,Self employed,Master,5279,12234,23095,1,462,0
990,48.0,Male,25300.0,Salaried,PhD,6261,6807,15146,1,1988,0
991,48.0,Female,28780.0,Self-Employed,Master,33784,18266,16925,3,1649,0
992,18.0,Female,9077.0,Salaried,Bachelor,21158,13115,21013,0,2902,0
993,48.0,Male,94938.0,Salaried,High School,23896,11199,24361,2,3027,1
994,48.0,Male,22754.0,Self employed,Bachelor,-2204,12431,3290,0,946,0
995,25.0,Male,11150.0,Salaried,Bachelor,8020,5007,7107,2,2340,0
996,22.0,Female,9474.0,Salaried,Bachelor,28870,18116,22856,0,3870,0
997,,Male,7731.0,Salaried,Bachelor,22867,19956,13338,5,2057,0
998,39.0,Female,8835.0,Salaried,Bachelor,18527,11964,10969,2,2699,0
999,31.0,Male,12370.0,Self-Employed,Bachelor,25648,17952,7475,2,5545,1
1000,52.0,Male,12956.0,Salaried,Bachelor,36357,7154,11669,7,5985,0
517,41.0,Male,4999.0,Salaried,High School,4164,10827,17631,1,-363,0
738,18.0,Female,34486.0,Salaried,PhD,16964,6980,43,2,2390,0
824,27.0,Male,23172.0,Self-Employed,High School,15805,8846,7171,2,4335,1
981,48.0,Female,48682.0,Self employed,Bachelor,10605,14255,11529,1,3477,1
949,38.0,Female,17283.0,Salaried,Master,15402,18367,20273,2,3893,0
899,30.0,Male,27797.0,Salaried,Master,26324,2606,16081,2,4302,1
773,42.0,Female,5568.0,Self-Employed,Bachelor,13345,7406,27385,2,3833,1
755,31.0,Female,20364.0,Salaried,Master,25188,11691,4736,5,2131,1
311,25.0,Male,3811.0,Self-Employed,High School,9449,10397,9425,1,1329,1
78,48.0,Male,6767.0,Salaried,PhD,23185,3294,29327,7,1961,0
